title,url
A glitch in gravity: cosmic Lorentz-violation from fiery Big Bang to glacial heat death,https://arxiv.org/abs/2412.09568
Constraints on Pre-Big-Bang Cosmology from Advanced LIGO and Advanced Virgo's First Three Observing Runs,https://arxiv.org/abs/2412.09461
From Bench to Bedside: A Review of Clinical Trialsin Drug Discovery and Development,https://arxiv.org/abs/2412.09378
Interpreting Graphic Notation with MusicLDM: An AI Improvisation of Cornelius Cardew's Treatise,https://arxiv.org/abs/2412.08944
Deep learning assisted SERS detection of prolines and hydroxylated prolines using nitrilotriacetic acid functionalized gold nanopillars,https://arxiv.org/abs/2412.08239
The Benefits of the Virtual Observatory to Underserved Communities,https://arxiv.org/abs/2412.07973
Fine-grained graph representation learning for heterogeneous mobile networks with attentive fusion and contrastive learning,https://arxiv.org/abs/2412.07809
The distilled Vietoris Rips filtration for persistent homology and a new memory efficient algorithm,https://arxiv.org/abs/2412.07805
Integrating MedCLIP and Cross-Modal Fusion for Automatic Radiology Report Generation,https://arxiv.org/abs/2412.07141
Deep Learning for Cross-Border Transaction Anomaly Detection in Anti-Money Laundering Systems,https://arxiv.org/abs/2412.07027
Simplications: Why and how we should rethink data of/by/for the people in smart homes and its privacy implications,https://arxiv.org/abs/2412.06960
"Innovative Sentiment Analysis and Prediction of Stock Price Using FinBERT, GPT-4 and Logistic Regression: A Data-Driven Approach",https://arxiv.org/abs/2412.06837
On the Bidirected Cut Relaxation for Steiner Forest,https://arxiv.org/abs/2412.06518
White Dwarf Stars in the Big Data Era,https://arxiv.org/abs/2412.06516
"Small Languages, Big Models: A Study of Continual Training on Languages of Norway",https://arxiv.org/abs/2412.06484
Estimation of Classical Cepheid's Physical Parameters from NIR Light Curves,https://arxiv.org/abs/2412.06386
Hate Speech According to the Law: An Analysis for Effective Detection,https://arxiv.org/abs/2412.06144
Ethnography and Machine Learning: Synergies and New Directions,https://arxiv.org/abs/2412.06087
Visualization of Knowledge Graphs with Embeddings: an Essay on Recent Trends and Methods,https://arxiv.org/abs/2412.05289
SurgBox: Agent-Driven Operating Room Sandbox with Surgery Copilot,https://arxiv.org/abs/2412.05187
Explingo: Explaining AI Predictions using Large Language Models,https://arxiv.org/abs/2412.05145
Learning Hidden Physics and System Parameters with Deep Operator Networks,https://arxiv.org/abs/2412.05133
Application of generalized linear models in big data: a divide and recombine (D&R) approach,https://arxiv.org/abs/2412.05018
Can Large Language Models Effectively Process and Execute Financial Trading Instructions?,https://arxiv.org/abs/2412.04856
"Multi-class heart disease Detection, Classification, and Prediction using Machine Learning Models",https://arxiv.org/abs/2412.04792
PerfGen: Automated Performance Benchmark Generation for Big Data Analytics,https://arxiv.org/abs/2412.04687
Understanding Student Sentiment on Mental Health Support in Colleges Using Large Language Models,https://arxiv.org/abs/2412.04326
CLINICSUM: Utilizing Language Models for Generating Clinical Summaries from Patient-Doctor Conversations,https://arxiv.org/abs/2412.04254
"A $Λ$CDM Extension Explaining the Hubble Tension and the Spatial Curvature $Ω_{k,0} = -0.012 \pm 0.010$ Measured by the Final PR4 of the Planck Mission",https://arxiv.org/abs/2412.04126
Recommender Systems for Sustainability: Overview and Research Issues,https://arxiv.org/abs/2412.03620
Stain-aware Domain Alignment for Imbalance Blood Cell Classification,https://arxiv.org/abs/2412.02976
"Scalable Analysis of Urban Scaling Laws: Leveraging Cloud Computing to Analyze 21,280 Global Cities",https://arxiv.org/abs/2412.02299
An Automated Data Mining Framework Using Autoencoders for Feature Extraction and Dimensionality Reduction,https://arxiv.org/abs/2412.02211
"Deep Learning, Machine Learning, Advancing Big Data Analytics and Management",https://arxiv.org/abs/2412.02187
Constraints on the Pre-Big Bang scenario from a cosmological interpretation of the NANOGrav data,https://arxiv.org/abs/2412.01734
A Well-Characterized Survey for Centaurs in Pan-STARRS1,https://arxiv.org/abs/2412.01687
"Intelligent Spark Agents: A Modular LangGraph Framework for Scalable, Visualized, and Enhanced Big Data Machine Learning Workflows",https://arxiv.org/abs/2412.01490
Su-RoBERTa: A Semi-supervised Approach to Predicting Suicide Risk through Social Media using Base Language Models,https://arxiv.org/abs/2412.01353
Big data approach to Kazhdan-Lusztig polynomials,https://arxiv.org/abs/2412.01283
AlignFormer: Modality Matching Can Achieve Better Zero-shot Instruction-Following Speech-LLM,https://arxiv.org/abs/2412.01145
Exposing LLM Vulnerabilities: Adversarial Scam Detection and Performance,https://arxiv.org/abs/2412.00621
Analyzing the Energy and Accuracy of LLMs in Software Development,https://arxiv.org/abs/2412.00329
Euclid preparation: TBD. The impact of line-of-sight projections on the covariance between galaxy cluster multi-wavelength observable properties -- insights from hydrodynamic simulations,https://arxiv.org/abs/2412.00191
Scaling Particle Collision Data Analysis,https://arxiv.org/abs/2412.00129
Impact of memory-burdened black holes on primordial gravitational waves in light of Pulsar Timing Array,https://arxiv.org/abs/2411.19286
Federated Continual Graph Learning,https://arxiv.org/abs/2411.18919
Textured As-Is BIM via GIS-informed Point Cloud Segmentation,https://arxiv.org/abs/2411.18898
MV4PG: Materialized Views for Property Graphs,https://arxiv.org/abs/2411.18847
Traits and tangles: An analysis of the Big Five paradigm by tangle-based clustering,https://arxiv.org/abs/2411.18670
FAIR Digital Objects for the Realization of Globally Aligned Data Spaces,https://arxiv.org/abs/2411.18663
Leveraging Semi-Supervised Learning to Enhance Data Mining for Image Classification under Limited Labeled Data,https://arxiv.org/abs/2411.18622
HEMGS: A Hybrid Entropy Model for 3D Gaussian Splatting Data Compression,https://arxiv.org/abs/2411.18473
Very mild diffusion enhancement and singular sensitivity: Existence of bounded weak solutions in a two-dimensional chemotaxis-Navier--Stokes system,https://arxiv.org/abs/2411.18336
Dual-Level Boost Network for Long-Tail Prohibited Items Detection in X-ray Security Inspection,https://arxiv.org/abs/2411.18078
Large Scale Evaluation of Deep Learning-based Explainable Solar Flare Forecasting Models with Attribution-based Proximity Analysis,https://arxiv.org/abs/2411.18070
ORIS: Online Active Learning Using Reinforcement Learning-based Inclusive Sampling for Robust Streaming Analytics System,https://arxiv.org/abs/2411.18060
Calibrating DRAMPower Model: A Runtime Perspective from Real-System HPC Measurements,https://arxiv.org/abs/2411.17960
Spatio-temporal Causal Learning for Streamflow Forecasting,https://arxiv.org/abs/2411.17937
LongKey: Keyphrase Extraction for Long Documents,https://arxiv.org/abs/2411.17863
When IoT Meet LLMs: Applications and Challenges,https://arxiv.org/abs/2411.17722
EnStack: An Ensemble Stacking Framework of Large Language Models for Enhanced Vulnerability Detection in Source Code,https://arxiv.org/abs/2411.16561
Pre-Big-Bang Cosmology Cannot Explain NANOGrav 15-year Signal,https://arxiv.org/abs/2411.16505
"O1 Replication Journey -- Part 2: Surpassing O1-preview through Simple Distillation, Big Progress or Bitter Lesson?",https://arxiv.org/abs/2411.16489
"Synthesising Handwritten Music with GANs: A Comprehensive Evaluation of CycleWGAN, ProGAN, and DCGAN",https://arxiv.org/abs/2411.16405
Scalable Fault-Tolerant MapReduce,https://arxiv.org/abs/2411.16255
LLM Augmentations to support Analytical Reasoning over Multiple Documents,https://arxiv.org/abs/2411.16116
Forecasting Unseen Points of Interest Visits Using Context and Proximity Priors,https://arxiv.org/abs/2411.15285
Structure of the chromatic polynomial,https://arxiv.org/abs/2411.15088
Large sample scaling analysis of the Zig-Zag algorithm for Bayesian inference,https://arxiv.org/abs/2411.14983
LLM for Barcodes: Generating Diverse Synthetic Data for Identity Documents,https://arxiv.org/abs/2411.14962
"VO$_2$ films grown on TiO$_2$ sub-layer: influence of thickness on structural, electrical and optical properties",https://arxiv.org/abs/2411.14920
A fast approach for analyzing spatio-temporal patterns in ischemic heart disease mortality across US counties (1999-2021),https://arxiv.org/abs/2411.14849
Hammer: Towards Efficient Hot-Cold Data Identification via Online Learning,https://arxiv.org/abs/2411.14759
Double Machine Learning for Adaptive Causal Representation in High-Dimensional Data,https://arxiv.org/abs/2411.14665
Comparative Analysis of Audio Feature Extraction for Real-Time Talking Portrait Synthesis,https://arxiv.org/abs/2411.13209
High-order asymptotic expansion for the nonlinear Klein-Gordon equation in the non-relativistic limit regime,https://arxiv.org/abs/2411.13132
"Super-Size Me: The Big Multi-AGN Catalog (The Big MAC), Data Release 1: The Source Catalog",https://arxiv.org/abs/2411.12799
Suicide Risk Assessment on Social Media with Semi-Supervised Learning,https://arxiv.org/abs/2411.12767
"An Integrated (Crop Model, Cloud and Big Data Analytic) Framework to support Agriculture Activity Monitoring System",https://arxiv.org/abs/2411.12303
DESI 2024 VII: Cosmological Constraints from the Full-Shape Modeling of Clustering Measurements,https://arxiv.org/abs/2411.12022
DESI 2024 V: Full-Shape Galaxy Clustering from Galaxies and Quasars,https://arxiv.org/abs/2411.12021
Robust Graph Neural Networks for Stability Analysis in Dynamic Networks,https://arxiv.org/abs/2411.11848
Intelligent Pooling: Proactive Resource Provisioning in Large-scale Cloud Service,https://arxiv.org/abs/2411.11326
EXCON: Extreme Instance-based Contrastive Representation Learning of Severely Imbalanced Multivariate Time Series for Solar Flare Prediction,https://arxiv.org/abs/2411.11249
Targeting Negative Flips in Active Learning using Validation Sets,https://arxiv.org/abs/2411.10896
BanglaDialecto: An End-to-End AI-Powered Regional Speech Standardization,https://arxiv.org/abs/2411.10879
Empowering Meta-Analysis: Leveraging Large Language Models for Scientific Synthesis,https://arxiv.org/abs/2411.10878
Debias-CLR: A Contrastive Learning Based Debiasing Method for Algorithmic Fairness in Healthcare Applications,https://arxiv.org/abs/2411.10544
Multiscale Dubuc: A New Similarity Measure for Time Series,https://arxiv.org/abs/2411.10418
Scaling up the Evaluation of Collaborative Problem Solving: Promises and Challenges of Coding Chat Data with ChatGPT,https://arxiv.org/abs/2411.10246
Establishing and Evaluating Trustworthy AI: Overview and Research Challenges,https://arxiv.org/abs/2411.09973
A natural-language-based approach to intelligent data retrieval and representation for cloud BIM,https://arxiv.org/abs/2411.09951
Reggeization in Color,https://arxiv.org/abs/2411.09692
Probability of constructing prediction model for observable of a dynamical process via time series,https://arxiv.org/abs/2411.09230
GRAINRec: Graph and Attention Integrated Approach for Real-Time Session-Based Item Recommendations,https://arxiv.org/abs/2411.09152
FxTS-Net: Fixed-Time Stable Learning Framework for Neural ODEs,https://arxiv.org/abs/2411.09118
Unsupervised Parameter-free Outlier Detection using HDBSCAN* Outlier Profiles,https://arxiv.org/abs/2411.08867
Revisiting holographic dark energy after DESI 2024,https://arxiv.org/abs/2411.08639
FaaS and Furious: abstractions and differential caching for efficient data pre-processing,https://arxiv.org/abs/2411.08203
Harnessing Network Science for Urban Resilience: The CASA Model's Approach to Social and Environmental Challenges,https://arxiv.org/abs/2411.08015
Harnessing Network Science for Urban Resilience: The CASA Model's Approach to Social and Environmental Challenges,https://arxiv.org/abs/2411.08015
Leveraging Multimodal Models for Enhanced Neuroimaging Diagnostics in Alzheimer's Disease,https://arxiv.org/abs/2411.07871
Dynamic Evolutionary Game Analysis of How Fintech in Banking Mitigates Risks in Agricultural Supply Chain Finance,https://arxiv.org/abs/2411.07604
Collaborative and Federated Black-box Optimization: A Bayesian Optimization Perspective,https://arxiv.org/abs/2411.07523
A Domain-Agnostic Neurosymbolic Approach for Big Social Data Analysis: Evaluating Mental Health Sentiment on Social Media during COVID-19,https://arxiv.org/abs/2411.07163
Pulsations in binary stars -- a short review,https://arxiv.org/abs/2411.06683
Predicting Country Instability Using Bayesian Deep Learning and Random Forest,https://arxiv.org/abs/2411.06639
Few measurement shots challenge generalization in learning to classify entanglement,https://arxiv.org/abs/2411.06600
A Hybrid Approach for COVID-19 Detection: Combining Wasserstein GAN with Transfer Learning,https://arxiv.org/abs/2411.06397
Efficient subsampling for high-dimensional data,https://arxiv.org/abs/2411.06298
Online Parallel Multi-Task Relationship Learning via Alternating Direction Method of Multipliers,https://arxiv.org/abs/2411.06135
Barrow Cosmology and Big-Bang Nucleosynthesis,https://arxiv.org/abs/2411.06075
The Empirical Impact of Data Sanitization on Language Models,https://arxiv.org/abs/2411.05978
A method based on Generative Adversarial Networks for disentangling physical and chemical properties of stars in astronomical spectra,https://arxiv.org/abs/2411.05960
Compactly-supported nonstationary kernels for computing exact Gaussian processes on big data,https://arxiv.org/abs/2411.05869
SM3-Text-to-Query: Synthetic Multi-Model Medical Text-to-Query Benchmark,https://arxiv.org/abs/2411.05521
Fate and detectability of rare gas hydride ions in nova ejecta: A case study with nova templates,https://arxiv.org/abs/2411.05498
Robust estimation for high-dimensional time series with heavy tails,https://arxiv.org/abs/2411.05217
Toward Cultural Interpretability: A Linguistic Anthropological Framework for Describing and Evaluating Large Language Models (LLMs),https://arxiv.org/abs/2411.05200
DWFL: Enhancing Federated Learning through Dynamic Weighted Averaging,https://arxiv.org/abs/2411.05173
The Multiple Dimensions of Spuriousness in Machine Learning,https://arxiv.org/abs/2411.04696
Real-time stress detection on social network posts using big data technology,https://arxiv.org/abs/2411.04532
Sparse Bayesian joint modal estimation for exploratory item factor analysis,https://arxiv.org/abs/2411.03992
Corporate Fundamentals and Stock Price Co-Movement,https://arxiv.org/abs/2411.03922
A Causal Framework for Precision Rehabilitation,https://arxiv.org/abs/2411.03919
PMN J1310-5552: A Gamma-ray Emitting Blazar Candidate Harboring A Cosmic Monster,https://arxiv.org/abs/2411.03673
Efficient Data-Driven Leverage Score Sampling Algorithm for the Minimum Volume Covering Ellipsoid Problem in Big Data,https://arxiv.org/abs/2411.03617
An Integrated Framework for Uncertainty Quantification in High Temperature Gas Cooled Reactors using the HCP Time-dependent Multiphysics code and Dakota toolkit,https://arxiv.org/abs/2411.03329
An Online Updating Approach for Estimating and Testing Mediation Effects with Big Data Streams,https://arxiv.org/abs/2411.03063
Reweighting simulated events using machine-learning techniques in the CMS experiment,https://arxiv.org/abs/2411.03023
Data Quality Awareness: A Journey from Traditional Data Management to Data Science Systems,https://arxiv.org/abs/2411.03007
Capturing research literature attitude towards Sustainable Development Goals: an LLM-based topic modeling approach,https://arxiv.org/abs/2411.02943
"Practical, optimal preparation of general quantum state with exponentially improved robustness",https://arxiv.org/abs/2411.02782
FedBlock: A Blockchain Approach to Federated Learning against Backdoor Attacks,https://arxiv.org/abs/2411.02773
A Big Data-empowered System for Real-time Detection of Regional Discriminatory Comments on Vietnamese Social Media,https://arxiv.org/abs/2411.02587
Multi-Agent Decision Transformers for Dynamic Dispatching in Material Handling Systems Leveraging Enterprise Big Data,https://arxiv.org/abs/2411.02584
A Directional Rockafellar-Uryasev Regression,https://arxiv.org/abs/2411.02557
Chronic Obstructive Pulmonary Disease Prediction Using Deep Convolutional Network,https://arxiv.org/abs/2411.02449
MADOD: Generalizing OOD Detection to Unseen Domains via G-Invariance Meta-Learning,https://arxiv.org/abs/2411.02444
La Serena School for Data Science and the Spanish Virtual Observatory Schools: Initiatives Based on Hands on Experience,https://arxiv.org/abs/2411.02247
Unsupervised detection of semantic correlations in big data,https://arxiv.org/abs/2411.02126
"Trustworthy Federated Learning: Privacy, Security, and Beyond",https://arxiv.org/abs/2411.01583
Analysis of regularized federated learning,https://arxiv.org/abs/2411.01548
Reducing Data Fragmentation in Data Deduplication Systems via Partial Repetition and Coding,https://arxiv.org/abs/2411.01407
FEED: Fairness-Enhanced Meta-Learning for Domain Generalization,https://arxiv.org/abs/2411.01316
Explainable Artificial Intelligence for Dependent Features: Additive Effects of Collinearity,https://arxiv.org/abs/2411.00846
Personality Analysis from Online Short Video Platforms with Multi-domain Adaptation,https://arxiv.org/abs/2411.00813
Primordial Black Holes and Second-order Gravitational Waves in Axion-like Hybrid Inflation,https://arxiv.org/abs/2411.00764
RPS: A Generic Reservoir Patterns Sampler,https://arxiv.org/abs/2411.00074
Growth of Science and Women: Methodological Challenges of Using Structured Big Data,https://arxiv.org/abs/2411.00008
The Transformative Impact of AI and Deep Learning in Business: A Literature Review,https://arxiv.org/abs/2410.23443
Scalable Sampling for High Utility Patterns,https://arxiv.org/abs/2410.22964
A Study of Secure Algorithms for Vertical Federated Learning: Take Secure Logistic Regression as an Example,https://arxiv.org/abs/2410.22960
Novel Subsampling Strategies for Heavily Censored Reliability Data,https://arxiv.org/abs/2410.22751
Property Estimation in Geotechnical Databases Using Labeled Random Finite Sets,https://arxiv.org/abs/2410.22659
Performance of the Segment Anything Model in Various RFI/Events Detection in Radio Astronomy,https://arxiv.org/abs/2410.22497
I/O complexity and pebble games with partial computations,https://arxiv.org/abs/2410.22237
Intelligent Environmental Empathy (IEE): A new power and platform to fostering green obligation for climate peace and justice,https://arxiv.org/abs/2410.21536
EMOCPD: Efficient Attention-based Models for Computational Protein Design Using Amino Acid Microenvironment,https://arxiv.org/abs/2410.21069
MCI-GRU: Stock Prediction Model Based on Multi-Head Cross-Attention and Improved GRU,https://arxiv.org/abs/2410.20679
Smart Transport Infrastructure Maintenance: A Smart-Contract Blockchain Approach,https://arxiv.org/abs/2410.20431
WindTunnel -- A Framework for Community Aware Sampling of Large Corpora,https://arxiv.org/abs/2410.20301
Multi-Modal Transformer and Reinforcement Learning-based Beam Management,https://arxiv.org/abs/2410.19859
Deep Learning and Machine Learning -- Python Data Structures and Mathematics Fundamental: From Theory to Practice,https://arxiv.org/abs/2410.19849
Sampling from Bayesian Neural Network Posteriors with Symmetric Minibatch Splitting Langevin Dynamics,https://arxiv.org/abs/2410.19780
Cosmic Dynamics in Einstein-Cartan Theory: Analysing Hubble Tension through Curvature and Torsion field,https://arxiv.org/abs/2410.19399
Analysis of Financial Risk Behavior Prediction Using Deep Learning and Big Data Algorithms,https://arxiv.org/abs/2410.19394
Convergence Analysis of regularised Nyström method for Functional Linear Regression,https://arxiv.org/abs/2410.19312
Designing LLM-Agents with Personalities: A Psychometric Approach,https://arxiv.org/abs/2410.19238
Large Language Models for Financial Aid in Financial Time-series Forecasting,https://arxiv.org/abs/2410.19025
CUPID: A Real-Time Session-Based Reciprocal Recommendation System for a One-on-One Social Discovery Platform,https://arxiv.org/abs/2410.18087
Leveraging Deep Learning for Time Series Extrinsic Regression in predicting photometric metallicity of Fundamental-mode RR Lyrae Stars,https://arxiv.org/abs/2410.17906
Large Language Models Engineer Too Many Simple Features For Tabular Data,https://arxiv.org/abs/2410.17787
Predicting 30-Day Hospital Readmission in Medicare Patients: Insights from an LSTM Deep Learning Model,https://arxiv.org/abs/2410.17545
Deep-Sea A*+: An Advanced Path Planning Method Integrating Enhanced A* and Dynamic Window Approach for Autonomous Underwater Vehicles,https://arxiv.org/abs/2410.16762
Comparative Analysis of Human Mobility Patterns: Utilizing Taxi and Mobile (SafeGraph) Data to Investigate Neighborhood-Scale Mobility in New York City,https://arxiv.org/abs/2410.16462
Intelligent Computing Social Modeling and Methodological Innovations in Political Science in the Era of Large Language Models,https://arxiv.org/abs/2410.16301
Deep Learning and Machine Learning -- Object Detection and Semantic Segmentation: From Theory to Applications,https://arxiv.org/abs/2410.15584
Transition Region Brightenings in a Moss Region and their Relation with Lower Atmospheric Dynamics,https://arxiv.org/abs/2410.15124
Boosting K-means for Big Data by Fusing Data Streaming with Global Optimization,https://arxiv.org/abs/2410.14548
Optimizing over FP/EDF Execution Times: Known Results and Open Problems,https://arxiv.org/abs/2410.14381
Multimodal growth and development assessment model,https://arxiv.org/abs/2410.13647
UniCoN: Universal Conditional Networks for Multi-Age Embryonic Cartilage Segmentation with Sparsely Annotated Data,https://arxiv.org/abs/2410.13043
Identification of crowds using mobile crowd detection (MCS) and visualization with the DBSCAN algorithm for a Smart Campus environment,https://arxiv.org/abs/2410.12797
Development of Image Collection Method Using YOLO and Siamese Network,https://arxiv.org/abs/2410.12561
The Star Formation History of Nearby Galaxies: A Machine Learning Approach,https://arxiv.org/abs/2410.12253
Advancing Healthcare: Innovative ML Approaches for Improved Medical Imaging in Data-Constrained Environments,https://arxiv.org/abs/2410.12245
Parametric Graph Representations in the Era of Foundation Models: A Survey and Position,https://arxiv.org/abs/2410.12126
Utilizing Spatiotemporal Data Analytics to Pinpoint Outage Location,https://arxiv.org/abs/2410.12056
Preservation of dissipativity in dimensionality reduction,https://arxiv.org/abs/2410.11889
Evolutionary Retrofitting,https://arxiv.org/abs/2410.11330
"Guarantees for Nonlinear Representation Learning: Non-identical Covariates, Dependent Data, Fewer Samples",https://arxiv.org/abs/2410.11227
Predicting Chess Puzzle Difficulty with Transformers,https://arxiv.org/abs/2410.11078
"Mastering AI: Big Data, Deep Learning, and the Evolution of Large Language Models -- Blockchain and Applications",https://arxiv.org/abs/2410.10110
Data Modeling for Connected Data -- A systematic literature review,https://arxiv.org/abs/2410.10081
Connecting Inflation to the NANOGrav 15-year Data Set via Massive Gravity,https://arxiv.org/abs/2410.09658
"Mastering AI: Big Data, Deep Learning, and the Evolution of Large Language Models -- AutoML from Basics to State-of-the-Art Techniques",https://arxiv.org/abs/2410.09596
Data Deletion for Linear Regression with Noisy SGD,https://arxiv.org/abs/2410.09311
A Theoretical Framework for AI-driven data quality monitoring in high-volume data environments,https://arxiv.org/abs/2410.08576
Impact of Missing Values in Machine Learning: A Comprehensive Analysis,https://arxiv.org/abs/2410.08295
Study of Attacks on the HHL Quantum Algorithm,https://arxiv.org/abs/2410.08010
Optimal Estimation of Parameters in Degree Corrected Mixed Membership Models,https://arxiv.org/abs/2410.07621
Transforming disaster risk reduction with AI and big data: Legal and interdisciplinary perspectives,https://arxiv.org/abs/2410.07123
Mind Your Questions! Towards Backdoor Attacks on Text-to-Visualization Models,https://arxiv.org/abs/2410.06782
Euclid: Relativistic effects in the dipole of the 2-point correlation function,https://arxiv.org/abs/2410.06268
xLSTM-FER: Enhancing Student Expression Recognition with Extended Vision Long Short-Term Memory Network,https://arxiv.org/abs/2410.05074
Leveraging Large Language Models for Suicide Detection on Social Media with Limited Labels,https://arxiv.org/abs/2410.04501
BrainCodec: Neural fMRI codec for the decoding of cognitive brain states,https://arxiv.org/abs/2410.04383
Applying Hybrid Graph Neural Networks to Strengthen Credit Risk Analysis,https://arxiv.org/abs/2410.04283
SOI: Scaling Down Computational Complexity by Estimating Partial States of the Model,https://arxiv.org/abs/2410.03813
Deep Learning and Machine Learning: Advancing Big Data Analytics and Management with Design Patterns,https://arxiv.org/abs/2410.03795
Resurrecting Gravitational Vector Modes and their Magnetogenesis,https://arxiv.org/abs/2410.03612
Predictability of Global AI Weather Models,https://arxiv.org/abs/2410.03266
Exact Bayesian Inference for Multivariate Spatial Data of Any Size with Application to Air Pollution Monitoring,https://arxiv.org/abs/2410.02655
Propaganda is all you need,https://arxiv.org/abs/2410.01810
"Deep Learning and Machine Learning, Advancing Big Data Analytics and Management: Unveiling AI's Potential Through Tools, Techniques, and Applications",https://arxiv.org/abs/2410.01268
Revisiting the Index Construction of Proximity Graph-Based Approximate Nearest Neighbor Search,https://arxiv.org/abs/2410.01231
Compressing Recurrent Neural Networks for FPGA-accelerated Implementation in Fluorescence Lifetime Imaging,https://arxiv.org/abs/2410.00948
"ROK Defense M&S in the Age of Hyperscale AI: Concepts, Challenges, and Future Directions",https://arxiv.org/abs/2410.00367
DelayPTC-LLM: Metro Passenger Travel Choice Prediction under Train Delays with Large Language Models,https://arxiv.org/abs/2410.00052
Artificial intelligence-based blockchain-driven financial default prediction,https://arxiv.org/abs/2410.00044
DBNode: A Decentralized Storage System for Big Data Storage in Consortium Blockchains,https://arxiv.org/abs/2409.20123
"Deep Learning and Machine Learning, Advancing Big Data Analytics and Management: Object-Oriented Programming",https://arxiv.org/abs/2409.19916
FlexSBDD: Structure-Based Drug Design with Flexible Protein Modeling,https://arxiv.org/abs/2409.19645
Leveraging MTD to Mitigate Poisoning Attacks in Decentralized FL with Non-IID Data,https://arxiv.org/abs/2409.19302
Solving FDR-Controlled Sparse Regression Problems with Five Million Variables on a Laptop,https://arxiv.org/abs/2409.19088
Euclid preparation: 6x2 pt analysis of Euclid's spectroscopic and photometric data sets,https://arxiv.org/abs/2409.18882
FedDCL: a federated data collaboration learning as a hybrid-type privacy-preserving framework based on federated learning and data collaboration,https://arxiv.org/abs/2409.18356
Designing Sparse AC False Data Injection Attack,https://arxiv.org/abs/2409.18331
A Database Engineered System for Big Data Analytics on Tornado Climatology,https://arxiv.org/abs/2409.17668
Expanding Perspectives on Data Privacy: Insights from Rural Togo,https://arxiv.org/abs/2409.17578
Results of the Big ANN: NeurIPS'23 competition,https://arxiv.org/abs/2409.17424
"Deep Learning and Machine Learning, Advancing Big Data Analytics and Management: Handy Appetizer",https://arxiv.org/abs/2409.17120
Developments of initial data on big bang singularities for the Einstein-nonlinear scalar field equations,https://arxiv.org/abs/2409.17065
Demo2Vec: Learning Region Embedding with Demographic Information,https://arxiv.org/abs/2409.16837
Deep-Learning Recognition of Scanning Transmission Electron Microscopy: Quantifying and Mitigating the Influence of Gaussian Noises,https://arxiv.org/abs/2409.16637
Normalizing flow regularization for photoacoustic tomography,https://arxiv.org/abs/2409.16564
MRI Radiomics for IDH Genotype Prediction in Glioblastoma Diagnosis,https://arxiv.org/abs/2409.16329
Cyber Knowledge Completion Using Large Language Models,https://arxiv.org/abs/2409.16176
Big data searching using words,https://arxiv.org/abs/2409.15346
Absence of dead-core formations in chemotaxis systems with degenerate diffusion,https://arxiv.org/abs/2409.14890
LLMs' ways of seeing User Personas,https://arxiv.org/abs/2409.14858
HW-TSC's Submission to the CCMT 2024 Machine Translation Tasks,https://arxiv.org/abs/2409.14842
Choose the Final Translation from NMT and LLM hypotheses Using MBR Decoding: HW-TSC's Submission to the WMT24 General MT Shared Task,https://arxiv.org/abs/2409.14800
A High-Performance External Validity Index for Clustering with a Large Number of Clusters,https://arxiv.org/abs/2409.14455
A Visualized Malware Detection Framework with CNN and Conditional GAN,https://arxiv.org/abs/2409.14439
"Deep Learning and Machine Learning, Advancing Big Data Analytics and Management: Tensorflow Pretrained Models",https://arxiv.org/abs/2409.13566
Enhancing Synthetic Training Data for Speech Commands: From ASR-Based Filtering to Domain Adaptation in SSL Latent Space,https://arxiv.org/abs/2409.12745
Generalized compression and compressive search of large datasets,https://arxiv.org/abs/2409.12161
Takin: A Cohort of Superior Quality Zero-shot Speech Generation Models,https://arxiv.org/abs/2409.12139
Who's the GOAT? Sports Rankings and Data-Driven Random Walks on the Symmetric Group,https://arxiv.org/abs/2409.12107
Putting Data at the Centre of Offline Multi-Agent Reinforcement Learning,https://arxiv.org/abs/2409.12001
Physics-Informed Building Occupancy Detection: a Switching Process with Markov Regime,https://arxiv.org/abs/2409.11743
Chess Rating Estimation from Moves and Clock Times Using a CNN-LSTM,https://arxiv.org/abs/2409.11506
Elucidating the z-dependence of the MOND acceleration (a_0) within the Scale Invariant Vacuum (SIV) paradigm,https://arxiv.org/abs/2409.11425
Agentic Society: Merging skeleton from real world and texture from Large Language Model,https://arxiv.org/abs/2409.10550
"Artificial Intelligence-based Smart Port Logistics Metaverse for Enhancing Productivity, Environment, and Safety in Port Logistics: A Case Study of Busan Port",https://arxiv.org/abs/2409.10519
Research and Design of a Financial Intelligent Risk Control Platform Based on Big Data Analysis and Deep Machine Learning,https://arxiv.org/abs/2409.10331
From Text to Emoji: How PEFT-Driven Personality Manipulation Unleashes the Emoji Potential in LLMs,https://arxiv.org/abs/2409.10245
Towards Explainable Automated Data Quality Enhancement without Domain Knowledge,https://arxiv.org/abs/2409.10139
Fault-Tolerant Masked Matrix Accumulation using Bulk Bitwise In-Memory Engines,https://arxiv.org/abs/2409.10136
High-Security Hardware Module with PUF and Hybrid Cryptography for Data Security,https://arxiv.org/abs/2409.09928
Estimation of inertial properties of a rigid structure maneuvered by satellite modules,https://arxiv.org/abs/2409.09658
Kinematic study of the Orion Complex: Analysing the young stellar clusters from big and small structures,https://arxiv.org/abs/2409.09206
Identifying Factors to Help Improve Existing Decomposition-Based PMI Estimation Methods,https://arxiv.org/abs/2409.09056
A Market for Lemons? Strategic Directions for a Vigilant Application of Artificial Intelligence in Entrepreneurship Research,https://arxiv.org/abs/2409.08890
Vertex identification to a forest,https://arxiv.org/abs/2409.08883
"Revisiting primordial neutrino asymmetries, spectral distortions and cosmological constraints with full neutrino transport",https://arxiv.org/abs/2409.08280
Review of Recent Advances in Gaussian Process Regression Methods,https://arxiv.org/abs/2409.08112
Euclid preparation. Deep learning true galaxy morphologies for weak lensing shear bias calibration,https://arxiv.org/abs/2409.07528
Cosmic-ray deuteron excess from a primary component,https://arxiv.org/abs/2409.07139
Non-Canonical Dark Energy Parameter Evolution in a Canonical Quintessence Cosmology,https://arxiv.org/abs/2409.06792
PharmacoMatch: Efficient 3D Pharmacophore Screening through Neural Subgraph Matching,https://arxiv.org/abs/2409.06316
"SeeBand: A highly efficient, interactive tool for analyzing electronic transport data",https://arxiv.org/abs/2409.06261
Study on Frustrated Quantum Phase Transition Achievable by Quantum Computing,https://arxiv.org/abs/2409.05927
Big-Thick Data generation via reference and personal context unification,https://arxiv.org/abs/2409.05883
Mamba-Enhanced Text-Audio-Video Alignment Network for Emotion Recognition in Conversations,https://arxiv.org/abs/2409.05243
Inference for Large Scale Regression Models with Dependent Errors,https://arxiv.org/abs/2409.05160
Improving Early Detection of Gravitational Waves from Binary Neutron Stars Using CNNs and FPGAs,https://arxiv.org/abs/2409.05068
Deep Computer Vision for Solar Physics Big Data: Opportunities and Challenges,https://arxiv.org/abs/2409.04850
First direct carbon abundance measured at $z>10$ in the lensed galaxy MACS0647$-$JD,https://arxiv.org/abs/2409.04625
Towards Hybrid Embedded Feature Selection and Classification Approach with Slim-TSF,https://arxiv.org/abs/2409.04542
Prompt-based Personality Profiling: Reinforcement Learning for Relevance Filtering,https://arxiv.org/abs/2409.04122
Lepton-flavor changing decays and non-unitarity in the inverse seesaw mechanism,https://arxiv.org/abs/2409.03952
Euclid preparation. Simulations and nonlinearities beyond $Λ$CDM. 4. Constraints on $f(R)$ models from the photometric primary probes,https://arxiv.org/abs/2409.03524
Euclid preparation. Simulations and nonlinearities beyond $Λ$CDM. 2. Results from non-standard simulations,https://arxiv.org/abs/2409.03523
Euclid preparation. Simulations and nonlinearities beyond $Λ$CDM. 1. Numerical methods and validation,https://arxiv.org/abs/2409.03522
What is Normal? A Big Data Observational Science Model of Anonymized Internet Traffic,https://arxiv.org/abs/2409.03111
SDOoop: Capturing Periodical Patterns and Out-of-phase Anomalies in Streaming Data Analysis,https://arxiv.org/abs/2409.02973
Observable Signatures of No-Scale Supergravity in NANOGrav,https://arxiv.org/abs/2409.02936
Euclid preparation: Determining the weak lensing mass accuracy and precision for galaxy clusters,https://arxiv.org/abs/2409.02783
Few-shot Multi-Task Learning of Linear Invariant Features with Meta Subspace Pursuit,https://arxiv.org/abs/2409.02708
Euclid preparation. L. Calibration of the linear halo bias in $Λ(ν)$CDM cosmologies,https://arxiv.org/abs/2409.01877
Probabilistic Iterative Hard Thresholding for Sparse Learning,https://arxiv.org/abs/2409.01413
Enhancing Test Time Adaptation with Few-shot Guidance,https://arxiv.org/abs/2409.01341
RTop-K: Ultra-Fast Row-Wise Top-K Algorithm and GPU Implementation for Neural Networks,https://arxiv.org/abs/2409.00822
A Novel Fusion of Optical and Radar Satellite Data for Crop Phenology Estimation using Machine Learning and Cloud Computing,https://arxiv.org/abs/2409.00020
Minimax and Communication-Efficient Distributed Best Subset Selection with Oracle Property,https://arxiv.org/abs/2408.17276
Scalable Bayesian Clustering for Integrative Analysis of Multi-View Data,https://arxiv.org/abs/2408.17153
Leveraging Digital Twin Technologies for Public Space Protection and Vulnerability Assessment,https://arxiv.org/abs/2408.17136
Leveraging Digital Twin Technologies for Public Space Protection and Vulnerability Assessment,https://arxiv.org/abs/2408.17136
A Survey of the Self Supervised Learning Mechanisms for Vision Transformers,https://arxiv.org/abs/2408.17059
A Scalable k-Medoids Clustering via Whale Optimization Algorithm,https://arxiv.org/abs/2408.16993
Euclid preparation. LIX. Angular power spectra from discrete observations,https://arxiv.org/abs/2408.16903
An Adaptive Latent Factorization of Tensors Model for Embedding Dynamic Communication Network,https://arxiv.org/abs/2408.16573
Future targets for light gauge bosons from cosmic strings,https://arxiv.org/abs/2408.16334
MQRLD: A Multimodal Data Retrieval Platform with Query-aware Feature Representation and Learned Index Based on Data Lake,https://arxiv.org/abs/2408.16237
Efficient $k$-NN Search in IoT Data: Overlap Optimization in Tree-Based Indexing Structures,https://arxiv.org/abs/2408.16036
Q-MRS: A Deep Learning Framework for Quantitative Magnetic Resonance Spectra Analysis,https://arxiv.org/abs/2408.15999
Can Visual Language Models Replace OCR-Based Visual Question Answering Pipelines in Production? A Case Study in Retail,https://arxiv.org/abs/2408.15626
Affordable HPC: Leveraging Small Clusters for Big Data and Graph Computing,https://arxiv.org/abs/2408.15568
Cosmological Parameter Estimation with a Joint-Likelihood Analysis of the Cosmic Microwave Background and Big Bang Nucleosynthesis,https://arxiv.org/abs/2408.14531
Epidemic Information Extraction for Event-Based Surveillance using Large Language Models,https://arxiv.org/abs/2408.14277
Global well-posedness and decay rates of strong solutions to the incompressible Vlasov-MHD system,https://arxiv.org/abs/2408.14145
Making Formulog Fast: An Argument for Unconventional Datalog Evaluation (Extended Version),https://arxiv.org/abs/2408.14017
Disclosure risk assessment with Bayesian non-parametric hierarchical modelling,https://arxiv.org/abs/2408.12521
Demystifying Functional Random Forests: Novel Explainability Tools for Model Transparency in High-Dimensional Spaces,https://arxiv.org/abs/2408.12288
Personality Alignment of Large Language Models,https://arxiv.org/abs/2408.11779
Cost-Effective Big Data Orchestration Using Dagster: A Multi-Platform Approach,https://arxiv.org/abs/2408.11635
"Hypergraph Learning based Recommender System for Anomaly Detection, Control and Optimization",https://arxiv.org/abs/2408.11359
GPT-based Textile Pilling Classification Using 3D Point Cloud Data,https://arxiv.org/abs/2408.10496
Is the Lecture Engaging for Learning? Lecture Voice Sentiment Analysis for Knowledge Graph-Supported Intelligent Lecturing Assistant (ILA) System,https://arxiv.org/abs/2408.10492
Spatial Knockoff Bayesian Variable Selection in Genome-Wide Association Studies,https://arxiv.org/abs/2408.10401
The NANOGrav 15 yr Data Set: Running of the Spectral Index,https://arxiv.org/abs/2408.10166
Machine Learning for the Physics of Climate,https://arxiv.org/abs/2408.09627
Time Series Analysis by State Space Learning,https://arxiv.org/abs/2408.09120
Extensive Composable Entropy for the Analysis of Cosmological Data,https://arxiv.org/abs/2408.08820
Navigating Uncertainties in Machine Learning for Structural Dynamics: A Comprehensive Review of Probabilistic and Non-Probabilistic Approaches in Forward and Inverse Problems,https://arxiv.org/abs/2408.08629
Arecibo Wow! I: An Astrophysical Explanation for the Wow! Signal,https://arxiv.org/abs/2408.08513
"""How Big is Big Enough?"" Adjusting Model Size in Continual Gaussian Processes",https://arxiv.org/abs/2408.07588
Predicting the distributions of stock returns around the globe in the era of big data and learning,https://arxiv.org/abs/2408.07497
DataVisT5: A Pre-trained Language Model for Jointly Understanding Text and Data Visualization,https://arxiv.org/abs/2408.07401
A Digital Twin Framework Utilizing Machine Learning for Robust Predictive Maintenance: Enhancing Tire Health Monitoring,https://arxiv.org/abs/2408.06220
Euclid: The Early Release Observations Lens Search Experiment,https://arxiv.org/abs/2408.06217
Impacts of Darwinian Evolution on Pre-trained Deep Neural Networks,https://arxiv.org/abs/2408.05563
FiSTECH: Financial Style Transfer to Enhance Creativity without Hallucinations in LLMs,https://arxiv.org/abs/2408.05365
Euclid Preparation. Cosmic Dawn Survey: Data release 1 multiwavelength catalogues for Euclid Deep Field North and Euclid Deep Field Fornax,https://arxiv.org/abs/2408.05296
Euclid preparation. The Cosmic Dawn Survey (DAWN) of the Euclid Deep and Auxiliary Fields,https://arxiv.org/abs/2408.05275
A Systematic Literature Map on Big Data,https://arxiv.org/abs/2408.05253
UGrid: An Efficient-And-Rigorous Neural Multigrid Solver for Linear PDEs,https://arxiv.org/abs/2408.04846
Multidimensionality of the Hubble tension: the roles of $Ω_m$ and $ω_c$,https://arxiv.org/abs/2408.04530
"Global large strong solutions to the compressible Navier-Stokes equations with density-dependent viscosities, case I: isentropic flows",https://arxiv.org/abs/2408.04305
Variable Landscape Search: A Novel Metaheuristic Paradigm for Unlocking Hidden Dimensions in Global Optimization,https://arxiv.org/abs/2408.03895
The influence of advection on the propagation phenomena of reaction-diffusion equations with KPP-bistable nonlinearity,https://arxiv.org/abs/2408.03187
Reconciling Cosmological Tensions with Inelastic Dark Matter and Dark Radiation in a $\boldsymbol{U(1)_D}$ Framework,https://arxiv.org/abs/2408.03004
Recording First-person Experiences to Build a New Type of Foundation Model,https://arxiv.org/abs/2408.02680
Review of Cloud Service Composition for Intelligent Manufacturing,https://arxiv.org/abs/2408.01795
Enhancing Digital Forensics Readiness In Big Data Wireless Medical Networks: A Secure Decentralised Framework,https://arxiv.org/abs/2408.00568
A New Type of Foundation Model Based on Recordings of People's Emotions and Physiology,https://arxiv.org/abs/2408.00030
Optimization of Energy Consumption Forecasting in Puno using Parallel Computing and ARIMA Models: An Innovative Approach to Big Data Processing,https://arxiv.org/abs/2408.00014
Artificial Intelligence Approaches for Energy Efficiency: A Review,https://arxiv.org/abs/2407.21726
Unveiling land use dynamics: Insights from a hierarchical Bayesian spatio-temporal modelling of Compositional Data,https://arxiv.org/abs/2407.21695
Dynamic Universal Approximation Theory: Foundations for Parallelism in Neural Networks,https://arxiv.org/abs/2407.21670
Extended Fiducial Inference: Toward an Automated Process of Statistical Inference,https://arxiv.org/abs/2407.21622
Big Cooperative Learning,https://arxiv.org/abs/2407.21319
Homomorphic data compression for real time photon correlation analysis,https://arxiv.org/abs/2407.20356
Federated Learning based Latent Factorization of Tensors for Privacy-Preserving QoS Prediction,https://arxiv.org/abs/2407.19828
Redefining Urban Centrality: Integrating Economic Complexity Indices into Central Place Theory,https://arxiv.org/abs/2407.19762
Deep Generative Models-Assisted Automated Labeling for Electron Microscopy Images Segmentation,https://arxiv.org/abs/2407.19544
Design and Optimization of Big Data and Machine Learning-Based Risk Monitoring System in Financial Markets,https://arxiv.org/abs/2407.19352
Enhancing cybersecurity defenses: a multicriteria decision-making approach to MITRE ATT&CK mitigation strategy,https://arxiv.org/abs/2407.19222
Robust Estimation of Polychoric Correlation,https://arxiv.org/abs/2407.18835
Partial Adaptive Indexing for Approximate Query Answering,https://arxiv.org/abs/2407.18702
Turning Multidimensional Big Data Analytics into Practice: Design and Implementation of ClustCube Big-Data Tools in Real-Life Scenarios,https://arxiv.org/abs/2407.18604
Causal Deepsets for Off-policy Evaluation under Spatial or Spatio-temporal Interferences,https://arxiv.org/abs/2407.17910
Quanv4EO: Empowering Earth Observation by means of Quanvolutional Neural Networks,https://arxiv.org/abs/2407.17108
Research on Education Big Data for Students Academic Performance Analysis based on Machine Learning,https://arxiv.org/abs/2407.16907
The mass effect -- Variations of masses and their impact on cosmology,https://arxiv.org/abs/2407.16845
"Stellar flares, superflares and coronal mass ejections -- entering the Big data era",https://arxiv.org/abs/2407.16446
Predicting Stock Prices with FinBERT-LSTM: Integrating News Sentiment Analysis,https://arxiv.org/abs/2407.16150
Big Data Analytics-Enabled Dynamic Capabilities and Market Performance: Examining the Roles of Marketing Ambidexterity and Competitor Pressure,https://arxiv.org/abs/2407.15522
Probing the shape of the primordial curvature power spectrum and the energy scale of reheating with pulsar timing arrays,https://arxiv.org/abs/2407.15501
Influence of Personality Traits on Plagiarism Through Collusion in Programming Assignments,https://arxiv.org/abs/2407.15014
Mitigating biases in big mobility data: a case study of monitoring large-scale transit systems,https://arxiv.org/abs/2407.14541
Low [O/Fe] Ratio in a Luminous Galaxy at the Early Cosmic Epoch ($z>10$): Signature of Short Delay Time or Bright Hypernovae/Pair-Instability Supernovae?,https://arxiv.org/abs/2407.14470
Neutrino-driven Core-collapse Supernova Yields in Galactic Chemical Evolution,https://arxiv.org/abs/2407.14319
Dark matter droplets,https://arxiv.org/abs/2407.13243
Urban Traffic Forecasting with Integrated Travel Time and Data Availability in a Conformal Graph Neural Network Framework,https://arxiv.org/abs/2407.12238
Combining data from multiple sources for urban travel mode choice modelling,https://arxiv.org/abs/2407.12137
"An investigation into the scientific landscape of the conversational and generative artificial intelligence, and human-chatbot interaction in education and research",https://arxiv.org/abs/2407.12004
PyTond: Efficient Python Data Science on the Shoulders of Databases,https://arxiv.org/abs/2407.11616
Machine Learning in Communications: A Road to Intelligent Transmission and Processing,https://arxiv.org/abs/2407.11595
Optimizing Nurse Scheduling: A Supply Chain Approach for Healthcare Institutions,https://arxiv.org/abs/2407.11195
Data Analysis on Credit Card Debt: Rate of Consumption and Impact on Individuals and the US Economy,https://arxiv.org/abs/2407.11146
ST-RetNet: A Long-term Spatial-Temporal Traffic Flow Prediction Method,https://arxiv.org/abs/2407.11074
Learning-based Big Data Sharing Incentive in Mobile AIGC Networks,https://arxiv.org/abs/2407.10980
Enhancing Cyber Security through Predictive Analytics: Real-Time Threat Detection and Response,https://arxiv.org/abs/2407.10864
"Constraining Weyl type f(Q,T) gravity with Big Bang Nucleosynthesis",https://arxiv.org/abs/2407.10421
Data Imputation using Large Language Model to Accelerate Recommendation System,https://arxiv.org/abs/2407.10078
Euclid and KiDS-1000: Quantifying the impact of source-lens clustering on cosmic shear analyses,https://arxiv.org/abs/2407.09810
Application of cloud computing platform in industrial big data processing,https://arxiv.org/abs/2407.09491
Cool URIs for FAIR Knowledge Graphs,https://arxiv.org/abs/2407.09237
Real-time Pipe Burst Localization in Water Distribution Networks Using Change Point Detection Algorithms,https://arxiv.org/abs/2407.09074
Redefinition of Digital Twin and its Situation Awareness Framework Designing Towards Fourth Paradigm for Energy Internet of Things,https://arxiv.org/abs/2407.08919
The white-light superflares from cool stars in GWAC triggers,https://arxiv.org/abs/2407.08183
Euclid preparation. LI. Forecasting the recovery of galaxy physical properties and their relations with template-fitting and machine-learning methods,https://arxiv.org/abs/2407.07940
Differential privacy and Sublinear time are incompatible sometimes,https://arxiv.org/abs/2407.07262
iASiS: Towards Heterogeneous Big Data Analysis for Personalized Medicine,https://arxiv.org/abs/2407.06748
Causality-driven Sequence Segmentation for Enhancing Multiphase Industrial Process Data Analysis and Soft Sensing,https://arxiv.org/abs/2407.05954
Multi-resolution subsampling for large-scale linear classification,https://arxiv.org/abs/2407.05691
Roughness regularization for functional data analysis with free knots spline estimation,https://arxiv.org/abs/2407.05159
The need to refine the standard recombination theory and the Hubble tension problem,https://arxiv.org/abs/2407.04983
Cerebral cortex inspired representation of neural field network,https://arxiv.org/abs/2407.04741
Energy Efficient Knapsack Optimization Using Probabilistic Memristor Crossbars,https://arxiv.org/abs/2407.04332
"Collection, usage and privacy of mobility data in the enterprise and public administrations",https://arxiv.org/abs/2407.03732
"Towards Asimov's Psychohistory: Harnessing Topological Data Analysis, Artificial Intelligence and Social Media data to Forecast Societal Trends",https://arxiv.org/abs/2407.03446
"When big data actually are low-rank, or entrywise approximation of certain function-generated matrices",https://arxiv.org/abs/2407.03250
Spatially Coherent 3D Distributions of HI and CO in the Milky Way,https://arxiv.org/abs/2407.02859
"Elevated UV luminosity density at Cosmic Dawn explained by non-evolving, weakly mass-dependent star formation efficiency",https://arxiv.org/abs/2407.02674
Black Big Boxes: Do Language Models Hide a Theory of Adjective Order?,https://arxiv.org/abs/2407.02136
The Cosmic Timeline Implied by the JWST Reionization Crisis,https://arxiv.org/abs/2407.01581
"$\texttt{PineTree}$: A generative, fast, and differentiable halo model for wide-field galaxy surveys",https://arxiv.org/abs/2407.01391
MUSE-Net: Missingness-aware mUlti-branching Self-attention Encoder for Irregular Longitudinal Electronic Health Records,https://arxiv.org/abs/2407.00840
Discovering one molecule out of a million: inverse design of molecular hole transporting semiconductors tailored for perovskite solar cells,https://arxiv.org/abs/2407.00729
A Simple Attention-Based Mechanism for Bimodal Emotion Classification,https://arxiv.org/abs/2407.00134
The Computational Curse of Big Data for Bayesian Additive Regression Trees: A Hitting Time Analysis,https://arxiv.org/abs/2406.19958
Runtime Instrumentation for Reactive Components (Extended Version),https://arxiv.org/abs/2406.19904
The AMS-02 cosmic ray deuteron flux is consistent with a secondary origin,https://arxiv.org/abs/2406.19315
"LiveBench: A Challenging, Contamination-Free LLM Benchmark",https://arxiv.org/abs/2406.19314
Commodification of Compute,https://arxiv.org/abs/2406.19261
Comparing Lasso and Adaptive Lasso in High-Dimensional Data: A Genetic Survival Analysis in Triple-Negative Breast Cancer,https://arxiv.org/abs/2406.19213
"Existence of weak solutions for fractional $p(x, .)$-Laplacian Dirichlet problems with nonhomogeneous boundary conditions",https://arxiv.org/abs/2406.18338
Euclid preparation. Sensitivity to non-standard particle dark matter model,https://arxiv.org/abs/2406.18274
Accelerated Structure Formation: the Early Emergence of Massive Galaxies and Clusters of Galaxies,https://arxiv.org/abs/2406.17930
Enhancing Scientific Figure Captioning Through Cross-modal Learning,https://arxiv.org/abs/2406.17047
MD tree: a model-diagnostic tree grown on loss landscape,https://arxiv.org/abs/2406.16988
Research on Disease Prediction Model Construction Based on Computer AI deep Learning Technology,https://arxiv.org/abs/2406.16982
"Efficient UAV Hovering, Resource Allocation, and Trajectory Design for ISAC with Limited Backhaul Capacity",https://arxiv.org/abs/2406.16888
Deep Learning and Chaos: A combined Approach To Image Encryption and Decryption,https://arxiv.org/abs/2406.16792
Brownian friction dynamics: fluctuations in sliding distance,https://arxiv.org/abs/2406.16139
SimXRD-4M: Big Simulated X-ray Diffraction Data Accelerate the Crystalline Symmetry Classification,https://arxiv.org/abs/2406.15469
"V-RECS, a Low-Cost LLM4VIS Recommender with Explanations, Captioning and Suggestions",https://arxiv.org/abs/2406.15259
CEASEFIRE: An AI-powered system for combatting illicit firearms trafficking,https://arxiv.org/abs/2406.14949
Convergence rates for random feature neural network approximation in molecular dynamics,https://arxiv.org/abs/2406.14791
Do LLMs Have Distinct and Consistent Personality? TRAIT: Personality Testset designed for LLMs with Psychometrics,https://arxiv.org/abs/2406.14703
"A Review of Spatial Network Insights and Methods in the Context of Planning: Applications, Challenges, and Opportunities",https://arxiv.org/abs/2406.14692
Random pairing MLE for estimation of item parameters in Rasch model,https://arxiv.org/abs/2406.13989
Communication-Efficient and Privacy-Preserving Decentralized Meta-Learning,https://arxiv.org/abs/2406.13183
State-of-the-Art Review: The Use of Digital Twins to Support Artificial Intelligence-Guided Predictive Maintenance,https://arxiv.org/abs/2406.13117
Training Diffusion Models with Federated Learning,https://arxiv.org/abs/2406.12575
Update Selective Parameters: Federated Machine Unlearning Based on Model Explanation,https://arxiv.org/abs/2406.12516
Faithful Density-Peaks Clustering via Matrix Computations on MPI Parallelization System,https://arxiv.org/abs/2406.12297
Big data in economics,https://arxiv.org/abs/2406.11913
Operator Deep Smoothing for Implied Volatility,https://arxiv.org/abs/2406.11520
Private Approximate Query over Horizontal Data Federation,https://arxiv.org/abs/2406.11421
Multimodal Security of Iris and Fingerprint with Bloom Filters,https://arxiv.org/abs/2406.11335
Parallelizing MCMC with Machine Learning Classifier and Its Criterion Based on Kullback-Leibler Divergence,https://arxiv.org/abs/2406.11246
Problematic Tokens: Tokenizer Bias in Large Language Models,https://arxiv.org/abs/2406.11214
LEO Satellite Networks Assisted Geo-distributed Data Processing,https://arxiv.org/abs/2406.10856
Enriching the Machine Learning Workloads in BigBench,https://arxiv.org/abs/2406.10843
CrossFuse: A Novel Cross Attention Mechanism based Infrared and Visible Image Fusion Approach,https://arxiv.org/abs/2406.10581
MALLM-GAN: Multi-Agent Large Language Model as Generative Adversarial Network for Synthesizing Tabular Data,https://arxiv.org/abs/2406.10521
In-depth analysis of recall initiators of medical devices with a Machine Learning-Natural language Processing workflow,https://arxiv.org/abs/2406.10312
Cyberattack Data Analysis in IoT Environments using Big Data,https://arxiv.org/abs/2406.10302
Is Value Learning Really the Main Bottleneck in Offline RL?,https://arxiv.org/abs/2406.09329
Acceleration of the Universe without the Hubble tension with Kaniadakis holographic dark energy using the Hubble horizon as the IR cut-off,https://arxiv.org/abs/2406.09209
Dynamics of the non-radial energy-critical inhomogeneous NLS,https://arxiv.org/abs/2406.07535
Revealing Predictive Maintenance Strategies from Comprehensive Data Analysis of ASTRI-Horn Historical Monitoring Data,https://arxiv.org/abs/2406.07308
Database-assisted automata learning,https://arxiv.org/abs/2406.07208
Stochastic Frank-Wolfe: Unified Analysis and Zoo of Special Cases,https://arxiv.org/abs/2406.06788
SecureNet: A Comparative Study of DeBERTa and Large Language Models for Phishing Detection,https://arxiv.org/abs/2406.06663
Collaborative Team Recognition: A Core Plus Extension Structure,https://arxiv.org/abs/2406.06617
Are Large Language Models the New Interface for Data Pipelines?,https://arxiv.org/abs/2406.06596
Coconut Libtool: Bridging Textual Analysis Gaps for Non-Programmers,https://arxiv.org/abs/2406.05949
Constraining the selection corrected luminosity function and total pulse count for radio transients,https://arxiv.org/abs/2406.04597
L'algorithme: pourquoi et comment le définir pour l'enseigner,https://arxiv.org/abs/2406.04385
Pre-trained Transformer Uncovers Meaningful Patterns in Human Mobility Data,https://arxiv.org/abs/2406.04029
FedPylot: Navigating Federated Learning for Real-Time Object Detection in Internet of Vehicles,https://arxiv.org/abs/2406.03611
Normalizing Flows for Conformal Regression,https://arxiv.org/abs/2406.03346
Multi-relational Network Autoregression Model with Latent Group Structures,https://arxiv.org/abs/2406.03296
StatBot.Swiss: Bilingual Open Data Exploration in Natural Language,https://arxiv.org/abs/2406.03170
Matrix dissimilarities based on differences in moments and sparsity,https://arxiv.org/abs/2406.02051
nn2poly: An R Package for Converting Neural Networks into Interpretable Polynomials,https://arxiv.org/abs/2406.01588
Performance comparison of Dask and Apache Spark on HPC systems for Neuroimaging,https://arxiv.org/abs/2406.01409
Demystifying Object-based Big Data Storage Systems,https://arxiv.org/abs/2406.00550
Semilinear Schrödinger equations with Hardy potentials involving the distance to a boundary submanifold and gradient source nonlinearities,https://arxiv.org/abs/2406.00354
A Survey on the Use of Partitioning in IoT-Edge-AI Applications,https://arxiv.org/abs/2406.00301
A Needle in a Cosmic Haystack: A Review of FRB Search Techniques,https://arxiv.org/abs/2405.20716
"Fairness in AI-Driven Recruitment: Challenges, Metrics, Methods, and Future Directions",https://arxiv.org/abs/2405.19699
Online Nonparametric Supervised Learning for Massive Data,https://arxiv.org/abs/2405.19486
Net-zero gas inflow: deconstructing the gas consumption history of a massive quiescent galaxy with JWST and ALMA,https://arxiv.org/abs/2405.19401
An LSTM Feature Imitation Network for Hand Movement Recognition from sEMG Signals,https://arxiv.org/abs/2405.19356
Data-driven Machinery Fault Detection: A Comprehensive Review,https://arxiv.org/abs/2405.18843
Low-power Rapid Planar Superconducting Logic Devices,https://arxiv.org/abs/2405.18309
Stagewise Boosting Distributional Regression,https://arxiv.org/abs/2405.18288
Euclid preparation. Observational expectations for redshift z<7 active galactic nuclei in the Euclid Wide and Deep surveys,https://arxiv.org/abs/2405.18126
Network Diffusion -- Framework to Simulate Spreading Processes in Complex Networks,https://arxiv.org/abs/2405.18085
"Evaluating NoSQL Databases for OLAP Workloads: A Benchmarking Study of MongoDB, Redis, Kudu and ArangoDB",https://arxiv.org/abs/2405.17731
Wellposedness of solution for an $N$-D chemotaxis-convection model during tumor angiogenesis,https://arxiv.org/abs/2405.17186
RSET: Remapping-based Sorting Method for Emotion Transfer Speech Synthesis,https://arxiv.org/abs/2405.17028
An alternative method for searching for dimuon displaced vertices in the short-range region with ATLAS and CMS,https://arxiv.org/abs/2405.16993
Uncertainty Learning for High-dimensional Mean-variance Portfolio,https://arxiv.org/abs/2405.16989
DePIN: A Framework for Token-Incentivized Participatory Sensing,https://arxiv.org/abs/2405.16495
Apply Distributed CNN on Genomics to accelerate Transcription-Factor TAL1 Motif Prediction,https://arxiv.org/abs/2405.16097
Block Acceleration Without Momentum: On Optimal Stepsizes of Block Gradient Descent for Least-Squares,https://arxiv.org/abs/2405.16020
CuckooGraph: A Scalable and Space-Time Efficient Data Structure for Large-Scale Dynamic Graphs,https://arxiv.org/abs/2405.15193
A $Li$ne $Me$asuring library for large and complex spectroscopic data sets: Implementation of a virtual observatory for JWST spectra,https://arxiv.org/abs/2405.15072
Generalised Bayes Linear Inference,https://arxiv.org/abs/2405.14145
Euclid preparation. Detecting globular clusters in the Euclid survey,https://arxiv.org/abs/2405.14015
ReCycle: Resilient Training of Large DNNs using Pipeline Adaptation,https://arxiv.org/abs/2405.14009
